{
   "cap_add" : null,
   "cap_drop" : null,
   "cmd" : "/bin/sh -c 'crond && node'",
   "cpu_priority" : 0,
   "devices" : null,
   "enable_publish_all_ports" : false,
   "enable_restart_policy" : true,
   "enabled" : false,
   "env_variables" : [
      {
         "key" : "PATH",
         "value" : "/usr/local/sbin:/usr/local/bin:/usr/sbin:/usr/bin:/sbin:/bin"
      },
      {
         "key" : "JD_COOKIE",
         "value" : "pt_key=AAJfjaNrADASxxxxxxxKpfDaZ2pSBOYTxtPqLK8U1Q;pt_pin=lxxxxx5;"
      },
      {
         "key" : "TG_BOT_TOKEN",
         "value" : "13xxxxxx80:AAEkNxxxxxxzNf91WQ"
      },
      {
         "key" : "TG_USER_ID",
         "value" : "12xxxx206"
      },
      {
         "key" : "PLANT_BEAN_SHARECODES",
         "value" : ""
      },
      {
         "key" : "FruitShareCodes",
         "value" : ""
      },
      {
         "key" : "PetShareCodes",
         "value" : ""
      },
      {
         "key" : "SuperMarketShareCodes",
         "value" : ""
      },
      {
         "key" : "CRONTAB_LIST_FILE",
         "value" : "crontab_list.sh"
      }
   ],
   "exporting" : false,
   "id" : "18af38bc0ac37a40e4b9608a86fef56c464577cc160bbdddec90155284fcf4e5",
   "image" : "akyakya/jd_scripts",
   "is_ddsm" : false,
   "is_package" : false,
   "links" : [],
   "memory_limit" : 0,
   "name" : "jd_scripts",
   "network" : [
      {
         "driver" : "bridge",
         "name" : "bridge"
      }
   ],
   "network_mode" : "default",
   "port_bindings" : [],
   "privileged" : false,
   "shortcut" : {
      "enable_shortcut" : false,
      "enable_status_page" : false,
      "enable_web_page" : false,
      "web_page_url" : ""
   },
   "use_host_network" : false,
   "volume_bindings" : [
      {
         "host_volume_file" : "/docker/jd_scripts/logs",
         "mount_point" : "/scripts/logs",
         "type" : "rw"
      }
   ]
}
